{"cameraMode":{"drawMode":0,"name":"Shaded","section":"Shading Mode"},"sceneLighting":true,"audioPlay":false,"sceneViewState":{"showFog":true,"showMaterialUpdate":false,"showSkybox":false,"showFlares":true,"showImageEffects":true,"showParticleSystems":true},"in2DMode":false,"pivot":{"x":405.5275573730469,"y":136.39892578125,"z":-3.2366943359375},"rotation":{"x":0.014998399652540684,"y":0.011998360976576805,"z":-0.0001799904857762158,"w":0.9998154044151306},"size":568.2092895507813,"orthographic":true}